{
  "skyblock:progression/root": {
    "criteria": {
      "join_skyblock_world": "2023-06-15 15:52:24 +0900"
    },
    "done": true
  },
  "minecraft:recipes/decorations/crafting_table": {
    "criteria": {
      "unlock_right_away": "2023-06-15 15:52:24 +0900"
    },
    "done": true
  },
  "minecraft:adventure/adventuring_time": {
    "criteria": {
      "minecraft:taiga": "2023-06-15 15:52:25 +0900",
      "minecraft:dripstone_caves": "2023-06-15 15:52:39 +0900"
    },
    "done": false
  },
  "DataVersion": 3337
}